{
  "hash": "997a5a7f",
  "configHash": "8de6aa15",
  "lockfileHash": "54404c16",
  "browserHash": "2783000c",
  "optimized": {
    "@angular/core": {
      "src": "../../../../../../node_modules/@angular/core/fesm2022/core.mjs",
      "file": "@angular_core.js",
      "fileHash": "3c9995b8",
      "needsInterop": false
    },
    "@angular/platform-browser": {
      "src": "../../../../../../node_modules/@angular/platform-browser/fesm2022/platform-browser.mjs",
      "file": "@angular_platform-browser.js",
      "fileHash": "f5dab748",
      "needsInterop": false
    },
    "@angular/platform-server": {
      "src": "../../../../../../node_modules/@angular/platform-server/fesm2022/platform-server.mjs",
      "file": "@angular_platform-server.js",
      "fileHash": "4f9a4810",
      "needsInterop": false
    },
    "@angular/router": {
      "src": "../../../../../../node_modules/@angular/router/fesm2022/router.mjs",
      "file": "@angular_router.js",
      "fileHash": "52d3ebd0",
      "needsInterop": false
    },
    "@angular/ssr": {
      "src": "../../../../../../node_modules/@angular/ssr/fesm2022/ssr.mjs",
      "file": "@angular_ssr.js",
      "fileHash": "c0c92ec8",
      "needsInterop": false
    },
    "@angular/ssr/node": {
      "src": "../../../../../../node_modules/@angular/ssr/fesm2022/node.mjs",
      "file": "@angular_ssr_node.js",
      "fileHash": "de1f5ef0",
      "needsInterop": false
    },
    "express": {
      "src": "../../../../../../node_modules/express/index.js",
      "file": "express.js",
      "fileHash": "e01d6d77",
      "needsInterop": true
    }
  },
  "chunks": {
    "chunk-HXIVUXL4": {
      "file": "chunk-HXIVUXL4.js"
    },
    "chunk-ZN6DQK3E": {
      "file": "chunk-ZN6DQK3E.js"
    },
    "chunk-T7OWHGMY": {
      "file": "chunk-T7OWHGMY.js"
    },
    "chunk-XOUNVIIB": {
      "file": "chunk-XOUNVIIB.js"
    },
    "chunk-QPSQRP52": {
      "file": "chunk-QPSQRP52.js"
    },
    "xhr2-TXIMV6CV": {
      "file": "xhr2-TXIMV6CV.js"
    },
    "chunk-YHCV7DAQ": {
      "file": "chunk-YHCV7DAQ.js"
    }
  }
}