{
  "hash": "47b84910",
  "configHash": "300d812a",
  "lockfileHash": "8746c578",
  "browserHash": "6c91912f",
  "optimized": {
    "@angular/common": {
      "src": "../../../../../../node_modules/@angular/common/fesm2022/common.mjs",
      "file": "@angular_common.js",
      "fileHash": "4ce57662",
      "needsInterop": false
    },
    "@angular/core": {
      "src": "../../../../../../node_modules/@angular/core/fesm2022/core.mjs",
      "file": "@angular_core.js",
      "fileHash": "dfa7affc",
      "needsInterop": false
    },
    "@angular/forms": {
      "src": "../../../../../../node_modules/@angular/forms/fesm2022/forms.mjs",
      "file": "@angular_forms.js",
      "fileHash": "bb6ed4dd",
      "needsInterop": false
    },
    "@angular/platform-browser": {
      "src": "../../../../../../node_modules/@angular/platform-browser/fesm2022/platform-browser.mjs",
      "file": "@angular_platform-browser.js",
      "fileHash": "eb7c737e",
      "needsInterop": false
    },
    "@angular/router": {
      "src": "../../../../../../node_modules/@angular/router/fesm2022/router.mjs",
      "file": "@angular_router.js",
      "fileHash": "2456f0b3",
      "needsInterop": false
    }
  },
  "chunks": {
    "chunk-RHZWIE4W": {
      "file": "chunk-RHZWIE4W.js"
    },
    "chunk-YQPEOUL7": {
      "file": "chunk-YQPEOUL7.js"
    },
    "chunk-2UDGYMIF": {
      "file": "chunk-2UDGYMIF.js"
    }
  }
}