{
  "hash": "c651ea2e",
  "configHash": "2548be44",
  "lockfileHash": "922f74db",
  "browserHash": "1f8cd471",
  "optimized": {
    "@angular/core": {
      "src": "../../../../../../node_modules/@angular/core/fesm2022/core.mjs",
      "file": "@angular_core.js",
      "fileHash": "d4585b22",
      "needsInterop": false
    },
    "@angular/platform-browser": {
      "src": "../../../../../../node_modules/@angular/platform-browser/fesm2022/platform-browser.mjs",
      "file": "@angular_platform-browser.js",
      "fileHash": "ab4247bf",
      "needsInterop": false
    },
    "@angular/router": {
      "src": "../../../../../../node_modules/@angular/router/fesm2022/router.mjs",
      "file": "@angular_router.js",
      "fileHash": "b225eb9e",
      "needsInterop": false
    },
    "@angular/forms": {
      "src": "../../../../../../node_modules/@angular/forms/fesm2022/forms.mjs",
      "file": "@angular_forms.js",
      "fileHash": "7b41b30d",
      "needsInterop": false
    }
  },
  "chunks": {
    "chunk-RTBLRJAO": {
      "file": "chunk-RTBLRJAO.js"
    },
    "chunk-SVQAY7VD": {
      "file": "chunk-SVQAY7VD.js"
    },
    "chunk-2UDGYMIF": {
      "file": "chunk-2UDGYMIF.js"
    }
  }
}