{
  "hash": "6a76a798",
  "configHash": "52e9a70f",
  "lockfileHash": "54404c16",
  "browserHash": "2c346e01",
  "optimized": {
    "@angular/core": {
      "src": "../../../../../../node_modules/@angular/core/fesm2022/core.mjs",
      "file": "@angular_core.js",
      "fileHash": "75949a5d",
      "needsInterop": false
    },
    "@angular/platform-browser": {
      "src": "../../../../../../node_modules/@angular/platform-browser/fesm2022/platform-browser.mjs",
      "file": "@angular_platform-browser.js",
      "fileHash": "40c4f810",
      "needsInterop": false
    },
    "@angular/router": {
      "src": "../../../../../../node_modules/@angular/router/fesm2022/router.mjs",
      "file": "@angular_router.js",
      "fileHash": "72dac6c3",
      "needsInterop": false
    }
  },
  "chunks": {
    "chunk-TUBEI5TF": {
      "file": "chunk-TUBEI5TF.js"
    },
    "chunk-3QOFSQBY": {
      "file": "chunk-3QOFSQBY.js"
    }
  }
}